Kabul,Afghanistan
Tirana,Albania
Algiers,Algeria
Pago-Pago,American-Samoa
Andorra-la-Vella,Andorra
Luanda,Angola
The-Valley,Anguilla
St-John's,Antarctica
Buenos-Aires,Antigua-and-Barbuda
Yerevan,Argentina
Oranjestad,Armenia
Canberra,Aruba
Vienna,Australia
Baku,Austria
Nassau,Azerbaijan
Manama,Bahamas
Dhaka,Bahrain
Bridgetown,Bangladesh
Minsk,Barbados
Brussels,Belarus
Belmopan,Belgium
Porto-Novo,Belize
Hamilton,Benin
Thimphu,Bermuda
Sucre,Bhutan
Sarajevo,Bolivia
Gaborone,Bonaire
Brasilia,Bosnia-and-Herzegovina
Diego-Garcia,Botswana
Road-Town,Bouvet-Island
Bandar-Seri-Begawan,Brazil
Sofia,Indian-Ocean
Ouagadougou,British-Virgin-Islands
Bujumbura,Brunei-Darussalam
Praia,Bulgaria
Phnom-Penh,Burkina-Faso
Yaounde,Burundi
Ottawa,Cabo-Verde
George-Town,Cambodia
Bangui,Cameroon
N-Djamena,Canada
Santiago,Cayman-Islands
Beijing,Central-African-Republic
Hong-Kong,Chad
Macao,Chile
Flying-Fish-Cove,China
West-Island,Hong-Kong
Bogota,Macao
Moroni,Christmas-Island
Brazzaville,Cocos-Islands
Avarua,Colombia
San-Jose,Comoros
Zagreb,Congo
Havana,Cook-Islands
Willemstad,Costa-Rica
Nicosia,Croatia
Prague,Cuba
Yamoussoukro,Curaçao
Pyongyang,Cyprus
Kinshasa,Czechia
Copenhagen,Côte-d'Ivoire
Djibouti,Democratic-People's-Republic-of-Korea
Roseau,Democratic-Republic-of-the-Congo
Santo-Domingo,Denmark
Quito,Djibouti
Cairo,Dominica
San-Salvador,Dominican-Republic
Malabo,Ecuador
Asmara,Egypt
Tallinn,El-Salvador
Mbabane,Equatorial-Guinea
Addis-Ababa,Eritrea
Stanley,Estonia
Torshavn,Eswatini
Suva,Ethiopia
Helsinki,Falkland-Islands
Paris,Faroe-Islands
Cayenne,Fiji
Papeete,Finland
Port-aux-Francais,France
Libreville,French-Guiana
Banjul,French-Polynesia
Tbilisi,French-Southern-Territories
Berlin,Gabon
Accra,Gambia
Gibraltar,Georgia
Athens,Germany
Nuuk,Ghana
St-George's,Gibraltar
Basse-Terre,Greece
Hagatna,Greenland
Guatemala-City,Grenada
St-Peter-Port,Guadeloupe
Conakry,Guam
Bissau,Guatemala
Georgetown,Guernsey
Port-au-Prince,Guinea
Vatican-City,Guinea-Bissau
Tegucigalpa,Guyana
Budapest,Haiti
Reykjavik,Heard-Island-and-McDonald-Islands
New-Delhi,Holy-See
Jakarta,Honduras
Tehran,Hungary
Baghdad,Iceland
Dublin,India
Douglas,Indonesia
Jerusalem,Iran
Rome,Iraq
Kingston,Ireland
Tokyo,Isle-of-Man
Saint-Helier,Israel
Amman,Italy
Astana,Jamaica
Nairobi,Japan
Tarawa,Jersey
Kuwait-City,Jordan
Bishkek,Kazakhstan
Vientiane,Kenya
Riga,Kiribati
Beirut,Kuwait
Maseru,Kyrgyzstan
Monrovia,Lao-People's-Democratic-Republic
Tripoli,Latvia
Vaduz,Lebanon
Vilnius,Lesotho
Luxembourg,Liberia
Antananarivo,Libya
Lilongwe,Liechtenstein
Kuala-Lumpur,Lithuania
Male,Luxembourg
Bamako,Madagascar
Valletta,Malawi
Majuro,Malaysia
Fort-de-France,Maldives
Nouakchott,Mali
Port-Louis,Malta
Mamoudzou,Marshall-Islands
Mexico-City,Martinique
Palikir,Mauritania
Monaco,Mauritius
Ulan-Bator,Mayotte
Podgorica,Mexico
Plymouth,Micronesia
Rabat,Monaco
Maputo,Mongolia
Nay-Pyi-Taw,Montenegro
Windhoek,Montserrat
Yaren,Morocco
Kathmandu,Mozambique
Amsterdam,Myanmar
Noumea,Namibia
Wellington,Nauru
Managua,Nepal
Niamey,Netherlands
Abuja,New-Caledonia
Alofi,New-Zealand
Kingston,Nicaragua
Saipan,Niger
Oslo,Nigeria
Muscat,Niue
Islamabad,Norfolk-Island
Melekeok,Northern-Mariana-Islands
Panama-City,Norway
Port-Moresby,Oman
Asuncion,Pakistan
Lima,Palau
Manila,Panama
Adamstown,Papua-New-Guinea
Warsaw,Paraguay
Lisbon,Peru
San-Juan,Philippines
Doha,Pitcairn
Seoul,Poland
Chisinau,Portugal
Bucharest,Puerto-Rico
Moscow,Qatar
Kigali,Republic-of-Korea
Saint-Denis,Republic-of-Moldova
Gustavia,Romania
Jamestown,Russian-Federation
Basseterre,Rwanda
Castries,Réunion
Marigot,Saint-Barthélemy
Saint-Pierre,Saint-Helena
Kingstown,Saint-Kitts-and-Nevis
Apia,Saint-Lucia
San-Marino,Saint-Martin
Sao-Tome,Saint-Pierre-and-Miquelon
Victoria,Saint-Vincent-and-the-Grenadines
Freetown,Samoa
Singapore,San-Marino
Philipsburg,Sao-Tome-and-Principe
Bratislava,Seychelles
Ljubljana,Sierra-Leone
Honiara,Singapore
Mogadishu,Sint-Maarten
Pretoria,Slovakia
Grytviken,Slovenia
Juba,Solomon-Islands
Madrid,Somalia
Colombo,South-Africa
East-Jerusalem,South-Georgia
Khartoum,South-Sudan
Paramaribo,Spain
Stockholm,Sri-Lanka
Bern,State-of-Palestine
Damascus,Sudan
Dushanbe,Suriname
Bangkok,Sweden
Dili,Switzerland
Lome,Syrian-Arab-Republic
Nuku-alofa,Tajikistan
Port-of-Spain,Thailand
Tunis,Timor-Leste
Ankara,Togo
Ashgabat,Tokelau
Cockburn-Town,Tonga
Funafuti,Trinidad-and-Tobago
Kampala,Tunisia
Kyiv,Turkey
Abu-Dhabi,Turkmenistan
London,Turks-and-Caicos-Islands
Dodoma,Tuvalu
Charlotte-Amalie,Uganda
Washington,Ukraine
Montevideo,United-Arab-Emirates
Tashkent,United-Kingdom
Port-Vila,United-Republic-of-Tanzania
Caracas,United-States-Virgin-Islands
Hanoi,United-States-of-America
Mata-Utu,Uruguay
El-Aaiun,Uzbekistan
Sanaa,Vanuatu
Lusaka,Venezuela
Harare,Viet Nam
Mariehamn,Wallis-and-Futuna-Islands
